{"basic_s": [[0.11540381237864494, 0.1153956763446331, 0.9977231957018375, 0.0009993057938118], [0.037735541304755316, 0.028155087446975813, 0.03605043038260192, 0.0005773841749032727]], "agt_s": [[0.11554522812366486], [0.0375269316136837]], "value": [[36.1487922668457], [0.16478636860847473]]}